{
  "version": 1,
  "timestamp": 1758528816.3572488,
  "obs_dim": 774,
  "embedding_dim": 768,
  "policy_hidden": [
    256,
    128
  ],
  "total_timesteps": 5000000,
  "learning_rate": 0.0005,
  "gamma": 0.99,
  "ent_coef": 0.002,
  "vf_coef": 0.5,
  "n_steps": 10,
  "n_envs": 1,
  "scaler_present": true,
  "scaler_warmup": 40000,
  "reward_mean": 8345.6904296875,
  "reward_std": 1583.6910400390625,
  "reward_min": 7749.2236328125,
  "reward_max": 14902.7783203125,
  "eval_best_mean_reward": 7988.850651601951,
  "seed": 42,
  "git_commit": "df255fff1fbc",
  "lr_linear_decay": true,
  "final_learning_rate": 0.0,
  "ent_anneal": true,
  "ent_target": 0.0005,
  "ent_anneal_steps": 3000000,
  "final_ent_coef": 0.0005,
  "checkpoint_interval": 500000,
  "num_checkpoints": 10
}