{
  "version": 3,
  "timestamp": 1758401127.3652968,
  "obs_dim": 774,
  "embedding_dim": 768,
  "pca_components": 8,
  "n_bins": 6,
  "episodes": 20,
  "alpha": 0.3,
  "gamma": 0.98,
  "eps_start": 1.0,
  "eps_end": 0.05,
  "eps_decay": 0.997,
  "adaptive_eps_window": 20,
  "adaptive_eps_patience": 3,
  "adaptive_eps_drop": 0.7,
  "adaptive_eps_min_episodes": 10,
  "disable_static_eps_decay": false,
  "final_epsilon": 0.05,
  "best_recent_avg": 11567.416816891302,
  "adaptive_events": [],
  "guided_prob": 0.5,
  "prior_bonus": 0.3,
  "dataset_name": "Loghub-zenodo_Logs",
  "sample_mode": "head",
  "reward_mean": 11567.416816891302,
  "reward_median": 11634.123200228107,
  "reward_std": 956.3214796419296,
  "episode_rewards": [
    12921.05626094378,
    13140.097593927047,
    12644.447394196925,
    12690.234072071138,
    12595.418845460521,
    12167.311625314018,
    12218.195747433845,
    11690.184482134104,
    12064.302390170576,
    11578.061918322112,
    11907.445939119601,
    11475.286177471251,
    11113.128008934189,
    10925.149440943389,
    10329.45536911408,
    10511.194610446966,
    10241.78263567524,
    10197.85961546096,
    10357.964654885813,
    10579.75955580047
  ],
  "reward_history_inline_threshold": 120
}