dataset_name,rows,mean_total_latency_ms,median_total_latency_ms,p95_total_latency_ms,success_rate,sensitive_fraction,energy_per_log_j,destination_mix_mysql,destination_mix_elk,destination_mix_ipfs,sensitive_total,sensitive_to_ipfs,sensitive_coverage,sensitive_leakage,leakage_rate,non_sensitive_ipfs_fraction,compliance_score,dataset,compliance
Synthetic_Datacenter_Logs,1200000,4.7908928710303735,13.574482494732363,0.1216210483110715,1.0,0.0,0.0937336225691666,0.4236933333333333,0.40964,0.1666666666666666,0,0,1.0,0,0.0,0.1666666666666666,1.0,Synthetic_Datacenter_Logs,False
Synthetic_Datacenter_Logs,1200000,2.99966392171608,13.077550480375066,0.137650492252218,1.0,0.27894,0.0615105765316666,0.3307091666666666,0.1500008333333333,0.51929,334728,334728,1.0,0,0.0,0.3333287105095276,1.0,Synthetic_Datacenter_Logs,True
Loghub-zenodo_Logs,84000,4.798896575657723,13.388548512011766,0.1119830005336909,1.0,0.0,0.0992234481666666,0.6055119047619048,0.2061309523809524,0.1883571428571428,0,0,1.0,0,0.0,0.1883571428571428,1.0,Loghub-zenodo_Logs,False
Loghub-zenodo_Logs,84000,4.168982044469366,25.90471648727544,0.1128711650381196,1.0,0.0685714285714285,0.0954200262261904,0.4748571428571428,0.1847142857142857,0.3404285714285714,5760,5760,1.0,0,0.0,0.2918711656441717,1.0,Loghub-zenodo_Logs,True
